-- Seed file for MVP Build Order - Phase 1

-- ─────────────────────────────────────────────────────────
-- 1. AUTH USERS (Locally mock authentication)
-- ─────────────────────────────────────────────────────────
-- Admin User: Elad
INSERT INTO auth.users (instance_id, id, aud, role, email, encrypted_password, email_confirmed_at, created_at, updated_at)
VALUES ('00000000-0000-0000-0000-000000000000', 'aaaaa000-0000-0000-0000-000000000000', 'authenticated', 'authenticated', 'elad@example.com', crypt('password123', gen_salt('bf')), now(), now(), now()) ON CONFLICT DO NOTHING;

-- ─────────────────────────────────────────────────────────
-- 2. TEAMS
-- ─────────────────────────────────────────────────────────
INSERT INTO teams (id, name) VALUES
('11111000-0000-0000-0000-000000000000', 'רום'),
('11111000-0000-0000-0000-000000000001', 'מפעל המידע'),
('11111000-0000-0000-0000-000000000002', 'אקו-סיסטם')
ON CONFLICT DO NOTHING;

-- ─────────────────────────────────────────────────────────
-- 3. PEOPLE
-- ─────────────────────────────────────────────────────────
INSERT INTO people (id, name, email, role, team_id, permission, counts_toward_capacity, auth_user_id) VALUES
('22222000-0000-0000-0000-000000000000', 'אלעד מימון', 'elad@example.com', 'manager', NULL, 'admin', false, 'aaaaa000-0000-0000-0000-000000000000'),
('22222000-0000-0000-0000-000000000001', 'נופר דביר', NULL, 'manager', NULL, 'admin', false, NULL),
('22222000-0000-0000-0000-000000000002', 'בידי אלקיים', NULL, 'manager', '11111000-0000-0000-0000-000000000000', 'member', false, NULL),
('22222000-0000-0000-0000-000000000003', 'קארן יצחק', NULL, 'eng', '11111000-0000-0000-0000-000000000000', 'member', true, NULL),
('22222000-0000-0000-0000-000000000004', 'גיא אביסרור', NULL, 'eng', '11111000-0000-0000-0000-000000000000', 'member', true, NULL),
('22222000-0000-0000-0000-000000000005', 'עינת לוי', NULL, 'product', '11111000-0000-0000-0000-000000000000', 'member', false, NULL),
('22222000-0000-0000-0000-000000000006', 'שקד אלון', NULL, 'manager', '11111000-0000-0000-0000-000000000001', 'member', false, NULL),
('22222000-0000-0000-0000-000000000007', 'דניאל לנדאו', NULL, 'eng', '11111000-0000-0000-0000-000000000001', 'member', true, NULL),
('22222000-0000-0000-0000-000000000008', 'אושר יוסף', NULL, 'eng', '11111000-0000-0000-0000-000000000001', 'member', true, NULL),
('22222000-0000-0000-0000-000000000009', 'נועם ריזה', NULL, 'product', '11111000-0000-0000-0000-000000000001', 'member', false, NULL),
('22222000-0000-0000-0000-00000000000a', 'אורי צדיקריו', NULL, 'eng', '11111000-0000-0000-0000-000000000002', 'member', true, NULL),
('22222000-0000-0000-0000-00000000000b', 'ליבי ספנסר', NULL, 'eng', '11111000-0000-0000-0000-000000000002', 'member', true, NULL),
('22222000-0000-0000-0000-00000000000c', 'יותם אמרגי', NULL, 'product', '11111000-0000-0000-0000-000000000002', 'member', false, NULL),
('22222000-0000-0000-0000-00000000000d', 'בר', NULL, 'manager', NULL, 'member', false, NULL),
('22222000-0000-0000-0000-00000000000e', 'Sam', NULL, 'eng', '11111000-0000-0000-0000-000000000000', 'member', true, NULL),
('22222000-0000-0000-0000-00000000000f', 'Roy', NULL, 'eng', '11111000-0000-0000-0000-000000000000', 'member', true, NULL)
ON CONFLICT DO NOTHING;

-- ─────────────────────────────────────────────────────────
-- 4. OBJECTIVES (standalone)
-- ─────────────────────────────────────────────────────────
INSERT INTO objectives (id, title) VALUES
('33333000-0000-0000-0000-000000000000', 'לאפשר הפעלה נרחבת של אמצעים ויכולות ברוק״ק לאגבור יכולת הפעולה של כלל מפעילי הכח'),
('33333000-0000-0000-0000-000000000001', 'לסנכרן הפעלת אמצעים מוטסים ברוק״ק עם אש מהקרקע (תמ״ס והגנ״א) ועם לוחמה אלקטרונית, תוך צמצום ההפרעה ההדדית'),
('33333000-0000-0000-0000-000000000002', 'להפעיל, לתאם ולסנכרן יכולות הגנה כנגד איומים אויריים המופעלים כנגד תשתיות, כוחות היבשה בתמרון ובגבולות')
ON CONFLICT DO NOTHING;

-- ─────────────────────────────────────────────────────────
-- 5. INITIATIVES
-- ─────────────────────────────────────────────────────────
INSERT INTO initiatives (id, title, owner_id) VALUES
(1, 'עוקב והיתוך', '22222000-0000-0000-0000-000000000000'),
(2, 'dev happiness', '22222000-0000-0000-0000-000000000000'),
(3, 'המלצות אוטומטיות', '22222000-0000-0000-0000-000000000000'),
(4, 'הטמעות', '22222000-0000-0000-0000-00000000000d'),
(5, 'קשרי לקוחות', '22222000-0000-0000-0000-00000000000d'),
(6, 'ניהול ותכנון מרשמי טיסה', '22222000-0000-0000-0000-00000000000c'),
(7, 'סימולטור', '22222000-0000-0000-0000-00000000000c'),
(8, 'ניהול תשתיות שמיים ברוק״ק', '22222000-0000-0000-0000-00000000000c'),
(9, 'העשרת מקורות גילוי', '22222000-0000-0000-0000-000000000009'),
(10, 'חיבור רב-ארגוני', '22222000-0000-0000-0000-000000000009'),
(11, 'הרמטיות ותקינת מידע', '22222000-0000-0000-0000-000000000009'),
(12, 'מאגר כמוצר', '22222000-0000-0000-0000-000000000009'),
(13, 'הרחבת מפעל המידע', '22222000-0000-0000-0000-000000000009'),
(14, 'הנגשות מאגר', '22222000-0000-0000-0000-000000000009'),
(15, 'מידור והרשאות', '22222000-0000-0000-0000-000000000009'),
(16, 'היסטוריית מידע', '22222000-0000-0000-0000-000000000009'),
(17, 'רציפות, שרידות וביצועים', '22222000-0000-0000-0000-000000000001'),
(18, 'תחקור טכנו-מבצעי', '22222000-0000-0000-0000-000000000001'),
(19, 'מחקר ביצועים', '22222000-0000-0000-0000-000000000001'),
(20, 'תחקור מבצעי', '22222000-0000-0000-0000-000000000001'),
(21, 'תמונה מודיעינית', '22222000-0000-0000-0000-000000000005'),
(22, 'ניהול צד כחול', '22222000-0000-0000-0000-000000000005'),
(23, 'תמונ״ש ברוק״ק (רום)', '22222000-0000-0000-0000-000000000005'),
(24, 'ניהול סנסורים', '22222000-0000-0000-0000-000000000005'),
(25, 'הפצה וניהול תמונ״ש בלומ״ר', '22222000-0000-0000-0000-000000000005'),
(26, 'ניהול אירועי רוק״ק', '22222000-0000-0000-0000-000000000005'),
(27, 'פו״ש ודגלים', '22222000-0000-0000-0000-000000000005'),
(28, 'התרעות משתמש', '22222000-0000-0000-0000-000000000005')
ON CONFLICT DO NOTHING;

-- ─────────────────────────────────────────────────────────
-- 6. EPICS
-- ─────────────────────────────────────────────────────────
INSERT INTO epics (id, initiative_id, title, importance, planning_status, target_date) VALUES
('55555000-0000-0000-0000-000000000000', 1, 'Login Flow Redesign', 1, 'active', (date_trunc('month', now()) + interval '2 months' - interval '1 day')::date),
('55555000-0000-0000-0000-000000000001', 1, 'Password Reset', 2, 'scoping', (date_trunc('month', now()) + interval '3 months' - interval '1 day')::date)
ON CONFLICT DO NOTHING;

-- ─────────────────────────────────────────────────────────
-- 7. DELIVERABLES (under Auth Revamp / עוקב והיתוך)
-- ─────────────────────────────────────────────────────────
INSERT INTO deliverables (id, epic_id, title, owner_id, status, estimation_days, planned_week_start, planned_week_end, actual_completion_date) VALUES
('66666000-0000-0000-0000-000000000000', '55555000-0000-0000-0000-000000000000', 'OAuth Integration', '22222000-0000-0000-0000-00000000000e', 'done', 5,
  (date_trunc('week', now() - interval '2 weeks') - interval '1 day')::date,
  (date_trunc('week', now() - interval '1 week') - interval '1 day')::date,
  (date_trunc('week', now() - interval '1 week') - interval '1 day')::date),

('66666000-0000-0000-0000-000000000001', '55555000-0000-0000-0000-000000000000', 'UI Mockups', '22222000-0000-0000-0000-00000000000f', 'done', 3,
  (date_trunc('week', now() - interval '2 weeks') - interval '1 day')::date,
  (date_trunc('week', now() - interval '1 week') - interval '1 day')::date,
  (date_trunc('week', now() - interval '1 week') - interval '1 day')::date),

('66666000-0000-0000-0000-000000000002', '55555000-0000-0000-0000-000000000000', 'API Endpoints', '22222000-0000-0000-0000-00000000000e', 'in_dev', 4,
  (date_trunc('week', now()) - interval '1 day')::date,
  (date_trunc('week', now() + interval '1 week') - interval '1 day')::date,
  NULL),

('66666000-0000-0000-0000-000000000003', '55555000-0000-0000-0000-000000000000', 'E2E Tests', '22222000-0000-0000-0000-00000000000e', 'backlog', 2,
  (date_trunc('week', now() + interval '1 week') - interval '1 day')::date,
  (date_trunc('week', now() + interval '2 weeks') - interval '1 day')::date,
  NULL)
ON CONFLICT DO NOTHING;

-- ─────────────────────────────────────────────────────────
-- 8. DELIVERABLE DEPENDENCY
-- ─────────────────────────────────────────────────────────
INSERT INTO deliverable_dependencies (deliverable_id, depends_on_entity_type, depends_on_entity_id) VALUES
('66666000-0000-0000-0000-000000000003', 'deliverable', '66666000-0000-0000-0000-000000000002')
ON CONFLICT DO NOTHING;

-- ─────────────────────────────────────────────────────────
-- 9. LIGHTHOUSE & ITEMS
-- ─────────────────────────────────────────────────────────
INSERT INTO lighthouses (id, month, title, status) VALUES
('77777000-0000-0000-0000-000000000000', (date_trunc('month', now()) + interval '1 month' - interval '1 day')::date, 'Current Month Lighthouse', 'draft')
ON CONFLICT DO NOTHING;

INSERT INTO lighthouse_items (lighthouse_id, deliverable_id, order_index, is_internal, feature_lead) VALUES
('77777000-0000-0000-0000-000000000000', '66666000-0000-0000-0000-000000000002', 0, false, '22222000-0000-0000-0000-00000000000e'),
('77777000-0000-0000-0000-000000000000', '66666000-0000-0000-0000-000000000003', 1, false, '22222000-0000-0000-0000-00000000000e')
ON CONFLICT DO NOTHING;

-- ─────────────────────────────────────────────────────────
-- 10. PERSON UNAVAILABILITY
-- ─────────────────────────────────────────────────────────
INSERT INTO person_unavailability (person_id, week_start, reason) VALUES
('22222000-0000-0000-0000-00000000000e', (date_trunc('week', now() + interval '2 weeks') - interval '1 day')::date, 'Vacation')
ON CONFLICT DO NOTHING;

-- ─────────────────────────────────────────────────────────
-- 11. MILESTONE
-- ─────────────────────────────────────────────────────────
INSERT INTO milestones (id, initiative_id, title, date, status) VALUES
('88888000-0000-0000-0000-000000000000', 1, 'Auth v2 Launch', (date_trunc('month', now()) + interval '2 months' - interval '1 day')::date, 'upcoming')
ON CONFLICT DO NOTHING;
